{
  "crossvalidation_err": 0.0019,
  "kz_exponent": -0.5672838848239432,
  "kz_R2": 0.1699821609723129
}